{"position":[-1.0,17.604,-1.0,-1.0,-1.0,-1.0,-1.0,-1.0,1.0,1.0,17.604,-1.0,1.0,-1.0,-1.0,-1.0,-1.0,-1.0,-0.705,17.456,-0.852,-0.705,-0.852,-0.852,1.0,-0.852,-0.852,-1.0,17.604,1.0,-1.0,-1.0,1.0,1.0,-1.0,1.0,1.0,-1.0,1.0,-1.0,-1.0,1.0,-1.0,-1.0,-1.0,-1.0,17.604,1.0,1.0,17.604,1.0,1.0,17.604,-1.0,1.0,-1.0,-1.0,1.0,17.604,-1.0,1.0,17.456,-0.852,1.0,-1.0,1.0,1.0,-1.0,-1.0,1.0,-0.852,-0.852,1.0,17.604,-1.0,1.0,17.604,1.0,1.0,17.456,0.852,1.0,17.604,1.0,1.0,-1.0,1.0,1.0,-0.852,0.852,-0.705,17.456,0.852,-0.705,-0.852,0.852,-0.705,-0.852,-0.852,-0.705,-0.852,0.852,-0.705,17.456,0.852,1.0,17.456,0.852,-0.705,-0.852,-0.852,-0.705,-0.852,0.852,1.0,-0.852,0.852,-0.705,17.456,0.852,-0.705,17.456,-0.852,1.0,17.456,-0.852,1.0,17.456,-0.852,1.0,17.456,0.852,-0.705,17.456,0.852,1.0,-0.852,0.852,1.0,-0.852,-0.852,-0.705,-0.852,-0.852,1.0,17.456,0.852,1.0,-0.852,0.852,-0.705,-0.852,0.852,-0.705,-0.852,-0.852,-0.705,17.456,-0.852,-0.705,17.456,0.852,1.0,-0.852,0.852,1.0,17.456,0.852,1.0,17.604,1.0,1.0,17.456,0.852,1.0,17.456,-0.852,1.0,17.604,-1.0,1.0,-0.852,-0.852,1.0,-0.852,0.852,1.0,-1.0,1.0,1.0,17.456,-0.852,1.0,-0.852,-0.852,1.0,-1.0,-1.0,1.0,17.604,-1.0,-1.0,17.604,-1.0,-1.0,17.604,1.0,-1.0,-1.0,-1.0,1.0,-1.0,-1.0,1.0,-1.0,1.0,1.0,-1.0,1.0,1.0,17.604,1.0,-1.0,17.604,1.0,1.0,-0.852,-0.852,1.0,17.456,-0.852,-0.705,17.456,-0.852,-1.0,-1.0,-1.0,-1.0,17.604,-1.0,1.0,17.604,-1.0,-1.0,-1.0,1.0,-1.0,17.604,1.0,-1.0,17.604,-1.0],"uv":[0.46548,0.98805,0.46548,0.00465,0.57882,0.00465,0.35213,0.00465,0.35213,0.98805,0.23878,0.98805,0.77202,0.00465,0.77202,0.98873,0.67542,0.98873,0.23878,0.00465,0.23878,0.98805,0.12543,0.98805,0.98193,0.11215,0.98193,0.21966,0.86858,0.21966,0.86858,0.00465,0.98193,0.00465,0.98193,0.11215,0.46548,0.00465,0.46548,0.98805,0.45708,0.98009,0.35213,0.00465,0.46548,0.00465,0.45708,0.01261,0.46548,0.98805,0.35213,0.98805,0.36053,0.98009,0.35213,0.98805,0.35213,0.00465,0.36052,0.01261,1.00704,0.99183,1.00704,0.00775,1.99478,0.00775,0.57882,0.98873,0.57882,0.00465,0.67542,0.00465,0.96514,0.40289,0.86858,0.40289,0.86858,0.31127,0.96514,0.31127,0.86858,0.31127,0.86858,0.21966,0.86858,0.21966,0.96514,0.21966,0.96514,0.31127,0.86858,0.31127,0.96514,0.31127,0.96514,0.40289,0.67542,0.00465,0.67542,0.98873,0.57882,0.98873,1.99478,0.00775,1.99478,0.99183,1.00704,0.99183,0.36052,0.01261,0.36053,0.98009,0.35213,0.98805,0.36053,0.98009,0.45708,0.98009,0.46548,0.98805,0.45708,0.01261,0.36052,0.01261,0.35213,0.00465,0.45708,0.98009,0.45708,0.01261,0.46548,0.00465,0.98193,0.11215,0.86858,0.11215,0.86858,0.00465,0.86858,0.21966,0.86858,0.11215,0.98193,0.11215,0.12543,0.98805,0.12543,0.00465,0.23878,0.00465,0.67542,0.98873,0.67542,0.00465,0.77202,0.00465,0.23878,0.98805,0.23878,0.00465,0.35213,0.00465,0.57882,0.00465,0.57882,0.98805,0.46548,0.98805],"normal":[-1.0,0.0,0.0,-1.0,0.0,0.0,-1.0,0.0,0.0,0.0,0.0,-1.0,0.0,0.0,-1.0,0.0,0.0,-1.0,0.0,-0.0,1.0,0.0,-0.0,1.0,0.0,-0.0,1.0,0.0,-0.0,1.0,0.0,-0.0,1.0,0.0,-0.0,1.0,0.0,-1.0,0.0,0.0,-1.0,0.0,0.0,-1.0,0.0,0.0,1.0,0.0,0.0,1.0,0.0,0.0,1.0,0.0,1.0,0.0,0.0,1.0,0.0,0.0,1.0,0.0,0.0,1.0,0.0,0.0,1.0,0.0,0.0,1.0,0.0,0.0,1.0,0.0,0.0,1.0,0.0,0.0,1.0,0.0,0.0,1.0,0.0,0.0,1.0,0.0,0.0,1.0,0.0,0.0,1.0,0.0,0.0,1.0,0.0,0.0,1.0,0.0,0.0,0.0,0.0,-1.0,0.0,0.0,-1.0,0.0,0.0,-1.0,0.0,1.0,0.0,0.0,1.0,0.0,0.0,1.0,0.0,0.0,-1.0,0.0,0.0,-1.0,0.0,0.0,-1.0,0.0,0.0,-1.0,0.0,0.0,-1.0,0.0,0.0,-1.0,0.0,0.0,1.0,0.0,0.0,1.0,0.0,0.0,1.0,0.0,0.0,0.0,-1.0,0.0,0.0,-1.0,0.0,0.0,-1.0,1.0,0.0,0.0,1.0,0.0,0.0,1.0,0.0,0.0,1.0,0.0,0.0,1.0,0.0,0.0,1.0,0.0,0.0,1.0,0.0,0.0,1.0,0.0,0.0,1.0,0.0,0.0,1.0,0.0,0.0,1.0,0.0,0.0,1.0,0.0,0.0,1.0,0.0,0.0,1.0,0.0,0.0,1.0,0.0,0.0,0.0,1.0,0.0,0.0,1.0,0.0,0.0,1.0,0.0,0.0,-1.0,0.0,0.0,-1.0,0.0,0.0,-1.0,0.0,0.0,-0.0,1.0,0.0,-0.0,1.0,0.0,-0.0,1.0,0.0,-0.0,1.0,0.0,-0.0,1.0,0.0,-0.0,1.0,0.0,0.0,-1.0,0.0,0.0,-1.0,0.0,0.0,-1.0,-1.0,0.0,0.0,-1.0,0.0,0.0,-1.0,0.0,0.0]}